first_name,last_name,email
Dorri,Di Bernardo,ddibernardo0@nba.com
Nisse,Noye,nnoye1@theatlantic.com
Fitzgerald,Tejero,ftejero2@businessinsider.com
Nappie,Claricoats,nclaricoats3@ucoz.com
Dolph,Pie,dpie4@joomla.org
Celestine,Kennford,ckennford5@bigcartel.com
Maggee,Weald,mweald6@nydailynews.com
Allistir,Battelle,abattelle7@mapquest.com
Roy,Biddlecombe,rbiddlecombe8@topsy.com
Arny,Cullen,acullen9@nifty.com
Farica,Tuckwood,ftuckwooda@t.co
Amalee,Edleston,aedlestonb@army.mil
Kerry,Arundell,karundellc@miibeian.gov.cn
Teressa,Giocannoni,tgiocannonid@histats.com
Adriane,Angrove,aangrovee@nasa.gov
Cassy,Andrejs,candrejsf@dmoz.org
Jessalyn,Demann,jdemanng@etsy.com
Thedrick,Lafaye,tlafayeh@4shared.com
Tiebold,Duggon,tduggoni@wordpress.com
Brianna,Dumpleton,bdumpletonj@amazon.co.uk
Greggory,Bryce,gbrycek@about.me
Kristin,Kleinlerer,kkleinlererl@vk.com
Johan,Warn,jwarnm@purevolume.com
Shayne,Lacey,slaceyn@biglobe.ne.jp
Dennie,Soggee,dsoggeeo@usgs.gov
Aldric,Linner,alinnerp@cdbaby.com
Stafford,Younglove,syoungloveq@purevolume.com
Dorree,McGill,dmcgillr@bandcamp.com
Dru,Kabos,dkaboss@clickbank.net
Cherice,Amort,camortt@nytimes.com
Gwendolen,Petteford,gpettefordu@pcworld.com
Kristian,Sturgis,ksturgisv@admin.ch
Tiffanie,Skellern,tskellernw@mysql.com
Salvidor,O'Cahsedy,socahsedyx@furl.net
Ferdy,BURWIN,fburwiny@phpbb.com
Shandie,Carn,scarnz@dion.ne.jp
Stanford,Copin,scopin10@deviantart.com
Davin,Shearn,dshearn11@eventbrite.com
Roderich,Laviste,rlaviste12@aol.com
Dell,Beilby,dbeilby13@mozilla.org
Osborn,Steadman,osteadman14@over-blog.com
Wenda,Harragin,wharragin15@ning.com
Francesca,Danovich,fdanovich16@pagesperso-orange.fr
Devonna,Kirwan,dkirwan17@cdc.gov
Clare,Spoor,cspoor18@utexas.edu
Boote,Clemens,bclemens19@dell.com
Elianore,Goodred,egoodred1a@psu.edu
Merrielle,Gosselin,mgosselin1b@plala.or.jp
Wandie,Petruskevich,wpetruskevich1c@google.ca
Woody,Feifer,wfeifer1d@dailymotion.com
Jobi,Moscrop,jmoscrop1e@webnode.com
Jaime,Graham,jgraham1f@histats.com
North,Biddwell,nbiddwell1g@cnbc.com
Chrissie,Trusslove,ctrusslove1h@adobe.com
Shelley,Blanket,sblanket1i@yandex.ru
Isidro,Vacher,ivacher1j@quantcast.com
Brigid,Ambroziak,bambroziak1k@fastcompany.com
Kaycee,Blucher,kblucher1l@drupal.org
My,Wenderott,mwenderott1m@behance.net
Jade,Passler,jpassler1n@ocn.ne.jp
Daveta,Dibbs,ddibbs1o@hatena.ne.jp
Idell,Smither,ismither1p@godaddy.com
Elden,Whinney,ewhinney1q@google.com
Monro,Threlfall,mthrelfall1r@dmoz.org
Anneliese,Rabbe,arabbe1s@cmu.edu
Emmery,Struttman,estruttman1t@lycos.com
Liv,Cornhill,lcornhill1u@dot.gov
Stanislaus,Planks,splanks1v@dailymotion.com
Lorrie,Crab,lcrab1w@is.gd
Sinclare,Karlowicz,skarlowicz1x@nsw.gov.au
Beverlee,Yanov,byanov1y@google.com
Nevile,Benwell,nbenwell1z@biblegateway.com
Regan,Bulch,rbulch20@weather.com
Rea,Sketchley,rsketchley21@unesco.org
Hasty,Sanz,hsanz22@nsw.gov.au
Thorny,Darnbrook,tdarnbrook23@dyndns.org
Gustie,Strickland,gstrickland24@telegraph.co.uk
Bo,Corradengo,bcorradengo25@seattletimes.com
Susi,Awin,sawin26@addthis.com
Jeramie,Hriinchenko,jhriinchenko27@geocities.com
Axe,Cawdron,acawdron28@wufoo.com
Norah,Stronge,nstronge29@salon.com
Laverna,Donke,ldonke2a@marriott.com
Darrin,Wolland,dwolland2b@miibeian.gov.cn
Thalia,Clemett,tclemett2c@i2i.jp
Brody,Topliss,btopliss2d@imgur.com
Nanny,Jordin,njordin2e@jugem.jp
Tate,Burtonshaw,tburtonshaw2f@github.com
Joyan,Jasper,jjasper2g@discovery.com
Ashly,Petrina,apetrina2h@earthlink.net
Thor,Jirousek,tjirousek2i@tinyurl.com
Cornie,Fishbourne,cfishbourne2j@i2i.jp
Daron,Foxworthy,dfoxworthy2k@jugem.jp
Zea,Bing,zbing2l@pcworld.com
Nico,Kundert,nkundert2m@php.net
Darrin,Youde,dyoude2n@desdev.cn
Clerkclaude,Harriskine,charriskine2o@bandcamp.com
Eba,Herche,eherche2p@scribd.com
Whitby,Otto,wotto2q@cpanel.net
Merv,Dennehy,mdennehy2r@jigsy.com
Babbie,Beilby,bbeilby2s@mapquest.com
Vasily,Aronowicz,varonowicz2t@indiatimes.com
Bernete,Serfati,bserfati2u@bloglines.com
Kris,McGeown,kmcgeown2v@miitbeian.gov.cn
Janith,Langstrath,jlangstrath2w@dion.ne.jp
Clara,Beastall,cbeastall2x@abc.net.au
Cissy,Rean,crean2y@mozilla.org
Tammie,Lowrie,tlowrie2z@flickr.com
Mort,Logue,mlogue30@smh.com.au
Stanleigh,Loblie,sloblie31@amazonaws.com
Stevie,Dadge,sdadge32@geocities.com
Worden,Durnall,wdurnall33@people.com.cn
Hayes,McRinn,hmcrinn34@fda.gov
Skip,Catonnet,scatonnet35@merriam-webster.com
Sheryl,Ceney,sceney36@lulu.com
Kristoffer,Cromer,kcromer37@360.cn
Idelle,Pitkaithly,ipitkaithly38@quantcast.com
Tera,Peploe,tpeploe39@latimes.com
Gannie,Heyburn,gheyburn3a@printfriendly.com
Fulvia,Thurbon,fthurbon3b@google.ru
Cyrillus,Nusche,cnusche3c@github.io
Kassey,Durram,kdurram3d@usgs.gov
Row,Heims,rheims3e@arstechnica.com
Gene,Strowger,gstrowger3f@disqus.com
Van,O'Duane,voduane3g@unc.edu
Olly,Knott,oknott3h@harvard.edu
Zsazsa,Barritt,zbarritt3i@diigo.com
Emmalee,Huxstep,ehuxstep3j@gravatar.com
Avivah,Chaudret,achaudret3k@cmu.edu
Jeralee,Tulloch,jtulloch3l@addthis.com
Nikki,Blackesland,nblackesland3m@tmall.com
Bartlett,Roulston,broulston3n@plala.or.jp
Bette,Hedin,bhedin3o@icio.us
Romona,Howsden,rhowsden3p@craigslist.org
Bronnie,Awcoate,bawcoate3q@sohu.com
Bella,MacRierie,bmacrierie3r@abc.net.au
Munroe,Benning,mbenning3s@surveymonkey.com
Sophey,Craighill,scraighill3t@de.vu
Angie,Story,astory3u@accuweather.com
Jocelyn,Ticehurst,jticehurst3v@ustream.tv
Granny,Stares,gstares3w@storify.com
Lonny,Zupo,lzupo3x@blog.com
Sim,Delatour,sdelatour3y@va.gov
Lani,Earley,learley3z@princeton.edu
Zabrina,Hawksley,zhawksley40@phpbb.com
Foss,Pietroni,fpietroni41@ucsd.edu
Jdavie,Isacoff,jisacoff42@earthlink.net
Jilly,Lewnden,jlewnden43@army.mil
Konstantin,Bligh,kbligh44@archive.org
Linn,Angus,langus45@boston.com
Lee,Savoury,lsavoury46@europa.eu
Caesar,Lighton,clighton47@behance.net
Ced,Pull,cpull48@hubpages.com
Madge,Longley,mlongley49@princeton.edu
Chelsae,McShirie,cmcshirie4a@salon.com
Vikky,Rilings,vrilings4b@elegantthemes.com
Feliks,Vern,fvern4c@yolasite.com
Crista,Twizell,ctwizell4d@facebook.com
Mariel,Pimlett,mpimlett4e@amazonaws.com
Hanson,Carpenter,hcarpenter4f@last.fm
Gradey,Hammerman,ghammerman4g@sphinn.com
Brigg,Soot,bsoot4h@mediafire.com
Hermon,Waddilow,hwaddilow4i@blog.com
Mel,Fenck,mfenck4j@usnews.com
Marti,Conew,mconew4k@harvard.edu
Herculie,Isard,hisard4l@studiopress.com
Darcy,Wotherspoon,dwotherspoon4m@mapquest.com
Kippy,McShee,kmcshee4n@blinklist.com
Rebecka,Hullett,rhullett4o@bloomberg.com
Gayelord,Franken,gfranken4p@wordpress.org
Ludovico,Tilio,ltilio4q@mlb.com
Ernestine,McQuilty,emcquilty4r@mlb.com
Rodolfo,Curedale,rcuredale4s@sogou.com
Cristabel,Wildor,cwildor4t@mashable.com
Aldrich,Craggs,acraggs4u@dion.ne.jp
Windham,Hassard,whassard4v@foxnews.com
Devon,Danielovitch,ddanielovitch4w@ebay.co.uk
Lacee,Dunton,ldunton4x@howstuffworks.com
Laurie,McKleod,lmckleod4y@cyberchimps.com
Granny,Martinolli,gmartinolli4z@163.com
Carlita,Vanyashkin,cvanyashkin50@jalbum.net
Irwin,Lehrian,ilehrian51@uiuc.edu
Jay,Fouch,jfouch52@uol.com.br
Gilbertine,Bowser,gbowser53@freewebs.com
Thomasin,Boulstridge,tboulstridge54@shinystat.com
Shayne,Sallings,ssallings55@nature.com
Magdalena,Kenworthy,mkenworthy56@google.ca
Jo-ann,Greve,jgreve57@cdc.gov
Zita,Tittershill,ztittershill58@netlog.com
Ginnifer,Nevet,gnevet59@freewebs.com
Charlot,Franke,cfranke5a@ebay.com
Wini,Lockyer,wlockyer5b@berkeley.edu
Johna,Dopson,jdopson5c@ox.ac.uk
Devon,Campione,dcampione5d@google.co.jp
Packston,Rasper,prasper5e@paginegialle.it
Binny,Kubik,bkubik5f@ning.com
Beltran,Robjents,brobjents5g@deviantart.com
Marylynne,Scandroot,mscandroot5h@tripod.com
Lefty,Thow,lthow5i@drupal.org
Arron,Crevy,acrevy5j@huffingtonpost.com
Corty,Ticic,cticic5k@cpanel.net
Jacquelynn,Larchier,jlarchier5l@indiatimes.com
Suki,Osgar,sosgar5m@yahoo.com
Luciano,Jahnisch,ljahnisch5n@trellian.com
Eustace,Sangwin,esangwin5o@discuz.net
Rock,Treker,rtreker5p@indiegogo.com
Miles,Kilgour,mkilgour5q@archive.org
Jacquelynn,Noble,jnoble5r@clickbank.net
Cam,Perrott,cperrott5s@merriam-webster.com
Cesaro,Nickolls,cnickolls5t@myspace.com
Louis,Filippone,lfilippone5u@fema.gov
Marsiella,Sandle,msandle5v@kickstarter.com
Madlen,Kay,mkay5w@diigo.com
Clark,Lowthorpe,clowthorpe5x@sphinn.com
Paula,Runsey,prunsey5y@ebay.com
Jewel,Tocher,jtocher5z@netscape.com
Maurise,Tinton,mtinton60@psu.edu
Tom,Iashvili,tiashvili61@theatlantic.com
Jourdan,Astin,jastin62@theglobeandmail.com
Perren,End,pend63@loc.gov
Noby,Moline,nmoline64@usda.gov
Dulci,Yakebovitch,dyakebovitch65@prnewswire.com
Serene,Ghelarducci,sghelarducci66@google.ca
Andrew,Vibert,avibert67@wiley.com
Cheston,Kording,ckording68@nytimes.com
Rena,Leroux,rleroux69@howstuffworks.com
Dulsea,Bottrill,dbottrill6a@amazon.com
Gracie,Obell,gobell6b@fastcompany.com
Nikolaus,Emlen,nemlen6c@dyndns.org
Natale,Tender,ntender6d@xinhuanet.com
Leonardo,Jado,ljado6e@state.tx.us
Justen,Adamowitz,jadamowitz6f@php.net
Faith,Folds,ffolds6g@admin.ch
Donetta,Bart,dbart6h@economist.com
Rosette,Penning,rpenning6i@themeforest.net
Del,Ritchings,dritchings6j@blog.com
Virgina,Camm,vcamm6k@seattletimes.com
Dion,Maciunas,dmaciunas6l@free.fr
Ranice,Bartosek,rbartosek6m@ebay.co.uk
Raddy,Fewkes,rfewkes6n@storify.com
Ambur,Thome,athome6o@flavors.me
Tristan,Favell,tfavell6p@spiegel.de
Alejandrina,Dulany,adulany6q@google.co.uk
Osborn,Trouel,otrouel6r@psu.edu
Ashla,McMychem,amcmychem6s@mit.edu
Arley,Pottage,apottage6t@bizjournals.com
Eden,Janeway,ejaneway6u@photobucket.com
Wandie,Stivens,wstivens6v@slideshare.net
Lebbie,Hayne,lhayne6w@friendfeed.com
Florella,McAvey,fmcavey6x@amazon.de
Eyde,Pragnall,epragnall6y@elpais.com
Drud,Ferroni,dferroni6z@indiatimes.com
Rupert,Aleksandrov,raleksandrov70@free.fr
Gian,Meade,gmeade71@yolasite.com
Benjy,Scanterbury,bscanterbury72@redcross.org
Giacobo,Gristhwaite,ggristhwaite73@domainmarket.com
Kristoforo,Reddie,kreddie74@weebly.com
Louisette,Provis,lprovis75@wordpress.org
Eb,Tewes,etewes76@yolasite.com
Xenos,Tremoille,xtremoille77@wiley.com
Ramsay,Benzies,rbenzies78@zdnet.com
Ange,Parades,aparades79@hostgator.com
Daryl,Paddison,dpaddison7a@trellian.com
Roderigo,Bernadzki,rbernadzki7b@mediafire.com
Jelene,O'Driscoll,jodriscoll7c@istockphoto.com
Darwin,Roddy,droddy7d@lycos.com
Myrlene,Langer,mlanger7e@npr.org
Aundrea,Cardno,acardno7f@google.ca
Averill,Rogeron,arogeron7g@privacy.gov.au
Ambrosio,Cornner,acornner7h@netvibes.com
Siouxie,Westmerland,swestmerland7i@bloglines.com
Blondie,Duddy,bduddy7j@google.it
Beniamino,Windous,bwindous7k@webmd.com
Eadmund,Horsfield,ehorsfield7l@diigo.com
Candide,Gaynesford,cgaynesford7m@qq.com
Regina,Frayne,rfrayne7n@mail.ru
Heywood,Pryer,hpryer7o@pagesperso-orange.fr
Geraldine,Weight,gweight7p@jugem.jp
Colleen,Dransfield,cdransfield7q@baidu.com
Manny,Leighfield,mleighfield7r@microsoft.com
Lissa,Loveitt,lloveitt7s@flavors.me
Lemuel,Nevitt,lnevitt7t@opensource.org
Merwin,Zanutti,mzanutti7u@i2i.jp
Katrinka,Liggett,kliggett7v@wikia.com
Angel,Tackley,atackley7w@about.me
Robinet,Woolen,rwoolen7x@nsw.gov.au
Matthus,Nesbitt,mnesbitt7y@wunderground.com
Octavia,McCloughen,omccloughen7z@smh.com.au
Morrie,Ledley,mledley80@seesaa.net
Lindsy,Tilney,ltilney81@uol.com.br
Daveen,Olivie,dolivie82@prnewswire.com
Helga,Golsby,hgolsby83@nps.gov
Peterus,Gable,pgable84@webnode.com
Tammara,Pauel,tpauel85@ihg.com
Orlando,O' Dooley,oodooley86@microsoft.com
Lay,Joris,ljoris87@prweb.com
Clarence,Sorey,csorey88@seesaa.net
Arleta,Vigus,avigus89@cbslocal.com
Fons,Sygroves,fsygroves8a@omniture.com
Care,Miguel,cmiguel8b@reverbnation.com
Reinold,Blackesland,rblackesland8c@simplemachines.org
Cassius,Roeby,croeby8d@paypal.com
Temple,Spenceley,tspenceley8e@ebay.com
Clint,Beacham,cbeacham8f@google.com.au
Delbert,Geillier,dgeillier8g@constantcontact.com
Adrian,Evers,aevers8h@shinystat.com
Cristi,Roelofs,croelofs8i@mashable.com
Gardener,Acres,gacres8j@yellowpages.com
Sonnie,D'Hooge,sdhooge8k@comcast.net
Evelyn,Alvis,ealvis8l@woothemes.com
Arlan,Bosanko,abosanko8m@phoca.cz
Issie,Rougier,irougier8n@surveymonkey.com
Tony,Pidler,tpidler8o@soundcloud.com
Nappie,Stilldale,nstilldale8p@princeton.edu
Lenci,Howlett,lhowlett8q@devhub.com
Franky,Anthonsen,fanthonsen8r@cnn.com
Case,Sinott,csinott8s@huffingtonpost.com
Arney,Reeder,areeder8t@harvard.edu
Darill,Perkin,dperkin8u@uol.com.br
Layton,Jacobsz,ljacobsz8v@fda.gov
Henderson,Kubczak,hkubczak8w@wordpress.org
Bobby,Hordell,bhordell8x@tiny.cc
Maximo,Kleinhausen,mkleinhausen8y@netscape.com
Alix,Steet,asteet8z@bandcamp.com
Freddie,Ferrone,fferrone90@ed.gov
Patrica,Streets,pstreets91@lycos.com
Stesha,Iohananof,siohananof92@tinyurl.com
Chester,Flagg,cflagg93@flickr.com
Aguistin,Gulc,agulc94@google.ca
Rudolf,Antonich,rantonich95@liveinternet.ru
Paola,Eastcott,peastcott96@google.fr
Vidovic,MacCoveney,vmaccoveney97@cloudflare.com
Constanta,Stainsby,cstainsby98@hubpages.com
Araldo,Wollacott,awollacott99@dropbox.com
Nancee,Muir,nmuir9a@over-blog.com
Niko,Brunton,nbrunton9b@hc360.com
Francesco,Tommaseo,ftommaseo9c@sciencedaily.com
Trey,Gjerde,tgjerde9d@mlb.com
Brantley,Vasilchenko,bvasilchenko9e@usa.gov
Gretta,Brosnan,gbrosnan9f@chronoengine.com
Eben,Donneely,edonneely9g@g.co
Vi,Bristoe,vbristoe9h@craigslist.org
Felecia,Feitosa,ffeitosa9i@posterous.com
Ruben,Daniaud,rdaniaud9j@digg.com
Cristionna,Von Helmholtz,cvonhelmholtz9k@marriott.com
Frederique,Godball,fgodball9l@blinklist.com
Alexa,Sappy,asappy9m@godaddy.com
Rhonda,Rehme,rrehme9n@csmonitor.com
Karleen,Godin,kgodin9o@upenn.edu
Anne,Ruperti,aruperti9p@123-reg.co.uk
Donny,Wear,dwear9q@chronoengine.com
Pinchas,Schimann,pschimann9r@loc.gov
Bud,Domoney,bdomoney9s@addthis.com
Lucia,Ince,lince9t@wikipedia.org
Jerrold,Cornes,jcornes9u@bloglovin.com
Tab,Kelledy,tkelledy9v@mayoclinic.com
Gregoor,Henstone,ghenstone9w@gravatar.com
Edwina,Svanetti,esvanetti9x@bravesites.com
Tersina,Slide,tslide9y@so-net.ne.jp
Maureene,MacNess,mmacness9z@surveymonkey.com
Hetti,Roebuck,hroebucka0@microsoft.com
Dale,Maypes,dmaypesa1@exblog.jp
Jeramey,Sword,jsworda2@rakuten.co.jp
Ario,Buttrey,abuttreya3@google.ca
Alison,Ogg,aogga4@addtoany.com
Johannes,Heinritz,jheinritza5@gnu.org
Skell,Norman,snormana6@wp.com
Francisco,Vigrass,fvigrassa7@cafepress.com
Bernadina,Ghiriardelli,bghiriardellia8@cloudflare.com
Portia,Lehrer,plehrera9@bbc.co.uk
Ernest,Buck,ebuckaa@phpbb.com
Alard,Gregg,agreggab@abc.net.au
Poul,Jedrasik,pjedrasikac@japanpost.jp
Ozzy,Teissier,oteissierad@ning.com
Chance,Burrass,cburrassae@msu.edu
Arther,Abramzon,aabramzonaf@tripod.com
Noam,Readhead,nreadheadag@amazon.co.uk
Wilhelmina,Hele,wheleah@google.fr
Annalise,Hryniewicki,ahryniewickiai@skype.com
Rona,Runham,rrunhamaj@ted.com
Andra,Kenchington,akenchingtonak@telegraph.co.uk
Anabelle,Mallard,amallardal@topsy.com
Preston,Garrigan,pgarriganam@ibm.com
Ewart,Casero,ecaseroan@timesonline.co.uk
Ciro,Stiles,cstilesao@timesonline.co.uk
Shandy,Yousef,syousefap@ft.com
Smitty,Lefridge,slefridgeaq@usgs.gov
Gian,Youings,gyouingsar@jiathis.com
Henrieta,Grisard,hgrisardas@moonfruit.com
Giuseppe,Winkless,gwinklessat@harvard.edu
Freddie,Merrywether,fmerrywetherau@bloglovin.com
Randy,Mourton,rmourtonav@technorati.com
Radcliffe,Tommasuzzi,rtommasuzziaw@oaic.gov.au
Kingston,Mor,kmorax@shutterfly.com
Anton,Rubbens,arubbensay@usgs.gov
Ruggiero,Brislan,rbrislanaz@bigcartel.com
Tilda,O'Keevan,tokeevanb0@tiny.cc
Melicent,Le Brun,mlebrunb1@google.com.au
Rubina,Haskett,rhaskettb2@i2i.jp
Ashley,Kinneir,akinneirb3@technorati.com
Consuela,Kitchinham,ckitchinhamb4@shutterfly.com
Ivan,Pardew,ipardewb5@angelfire.com
Linus,Fenne,lfenneb6@liveinternet.ru
Daniel,Land,dlandb7@china.com.cn
Dyna,La Torre,dlatorreb8@seesaa.net
Laurie,Girod,lgirodb9@ucla.edu
Tim,Matejka,tmatejkaba@so-net.ne.jp
Janelle,Boldt,jboldtbb@themeforest.net
Nathanil,Charley,ncharleybc@taobao.com
Zeb,Kanter,zkanterbd@usnews.com
Nancy,Streeter,nstreeterbe@seesaa.net
Ashley,O'Hannay,aohannaybf@answers.com
Sigismond,Pickerell,spickerellbg@netlog.com
Celestia,Fells,cfellsbh@state.gov
Inna,Peegrem,ipeegrembi@europa.eu
Ganny,Rown,grownbj@reverbnation.com
Scottie,Hallgarth,shallgarthbk@prweb.com
Sheff,Mallabar,smallabarbl@squarespace.com
Robers,Esselen,resselenbm@paginegialle.it
Raphael,Chatfield,rchatfieldbn@list-manage.com
Arch,Sinnett,asinnettbo@tumblr.com
Skell,Weems,sweemsbp@fc2.com
Archibold,Lillow,alillowbq@smh.com.au
Idell,Batrop,ibatropbr@cisco.com
Mei,Desmond,mdesmondbs@stumbleupon.com
Elna,Bengefield,ebengefieldbt@paginegialle.it
Phillie,MacCaghan,pmaccaghanbu@photobucket.com
Denys,Kenewel,dkenewelbv@lulu.com
Jorge,Rispin,jrispinbw@wikimedia.org
Robbie,Brambley,rbrambleybx@fotki.com
Dewie,Fitton,dfittonby@digg.com
Brittani,Emanueli,bemanuelibz@dailymotion.com
Adler,Wank,awankc0@alibaba.com
Theodosia,Waplington,twaplingtonc1@a8.net
Rois,Charke,rcharkec2@shutterfly.com
Elga,Geggus,egeggusc3@google.ca
Aili,Pisculli,apiscullic4@nhs.uk
Tania,Bodiam,tbodiamc5@illinois.edu
Palmer,Draisey,pdraiseyc6@jiathis.com
May,Iacomi,miacomic7@opera.com
Ban,Feldberger,bfeldbergerc8@e-recht24.de
Manolo,Doncom,mdoncomc9@deviantart.com
Margarita,Parradine,mparradineca@umich.edu
Curran,Drinkwater,cdrinkwatercb@nymag.com
Cherise,Hudson,chudsoncc@discuz.net
Issiah,Tutton,ituttoncd@123-reg.co.uk
Truman,MattiCCI,tmatticcice@over-blog.com
Ivie,Partleton,ipartletoncf@google.com.hk
Alameda,Goadsby,agoadsbycg@samsung.com
Rubetta,Ducker,rduckerch@ucoz.ru
Lara,Burney,lburneyci@oracle.com
Gareth,Pimblotte,gpimblottecj@topsy.com
Bernardina,Eles,belesck@blogtalkradio.com
Lind,Shalloo,lshalloocl@purevolume.com
Gare,Gouldstone,ggouldstonecm@infoseek.co.jp
Renault,Mounsie,rmounsiecn@state.gov
Berkly,Wilcot,bwilcotco@slashdot.org
Kerr,Milroy,kmilroycp@com.com
Moina,Milillo,mmilillocq@weather.com
Leticia,Jeckell,ljeckellcr@youku.com
Gavan,Attwell,gattwellcs@gov.uk
Marian,O'Grady,mogradyct@pagesperso-orange.fr
Ludovika,Honywill,lhonywillcu@parallels.com
Pincus,Markus,pmarkuscv@stumbleupon.com
Erma,McGurn,emcgurncw@flickr.com
Rooney,Fenech,rfenechcx@rakuten.co.jp
Kyrstin,Pengilly,kpengillycy@sogou.com
Ramsay,O'Doherty,rodohertycz@wikispaces.com
Jesse,Penke,jpenked0@paypal.com
Clarke,Matyushenko,cmatyushenkod1@1und1.de
Germain,McIlherran,gmcilherrand2@so-net.ne.jp
George,Bothen,gbothend3@4shared.com
Shepard,Haugh,shaughd4@marketwatch.com
Ahmed,Seamer,aseamerd5@webmd.com
Marje,Merring,mmerringd6@freewebs.com
Eduardo,Roft,eroftd7@accuweather.com
Goldy,Hunte,ghunted8@chicagotribune.com
Tedie,Befroy,tbefroyd9@blogger.com
Foss,Mapam,fmapamda@google.com.au
Finn,Madoc-Jones,fmadocjonesdb@google.ca
Lucias,Stockbridge,lstockbridgedc@miibeian.gov.cn
Wake,Ivers,wiversdd@umn.edu
Burch,Swindell,bswindellde@mysql.com
Abelard,Braybrooke,abraybrookedf@sbwire.com
Hailee,L'Archer,hlarcherdg@ibm.com
Lorilee,Bosket,lbosketdh@wikispaces.com
Courtnay,Casol,ccasoldi@mysql.com
Antonia,Curtayne,acurtaynedj@squidoo.com
Gloriana,Ellsom,gellsomdk@house.gov
Ephrem,Hercock,ehercockdl@friendfeed.com
Heinrick,Foddy,hfoddydm@skype.com
Agnes,Matthiae,amatthiaedn@ftc.gov
Keelia,Liebermann,kliebermanndo@g.co
Hugues,Bumpas,hbumpasdp@merriam-webster.com
Benn,Filkov,bfilkovdq@ask.com
Ilyse,O'Doohaine,iodoohainedr@rakuten.co.jp
Rogers,Bourdon,rbourdonds@theguardian.com
Ingmar,Peverell,ipeverelldt@github.com
Gisella,Dightham,gdighthamdu@rambler.ru
Eddy,McGrotty,emcgrottydv@jugem.jp
Dorri,Di Bernardo,ddibernardo0@nba.com
Nisse,Noye,nnoye1@theatlantic.com
Fitzgerald,Tejero,ftejero2@businessinsider.com
Nappie,Claricoats,nclaricoats3@ucoz.com
Dolph,Pie,dpie4@joomla.org
Celestine,Kennford,ckennford5@bigcartel.com
Maggee,Weald,mweald6@nydailynews.com
Allistir,Battelle,abattelle7@mapquest.com
Roy,Biddlecombe,rbiddlecombe8@topsy.com
Arny,Cullen,acullen9@nifty.com
Farica,Tuckwood,ftuckwooda@t.co
Amalee,Edleston,aedlestonb@army.mil
Kerry,Arundell,karundellc@miibeian.gov.cn
Teressa,Giocannoni,tgiocannonid@histats.com
Adriane,Angrove,aangrovee@nasa.gov
Cassy,Andrejs,candrejsf@dmoz.org
Jessalyn,Demann,jdemanng@etsy.com
Thedrick,Lafaye,tlafayeh@4shared.com
Tiebold,Duggon,tduggoni@wordpress.com
Brianna,Dumpleton,bdumpletonj@amazon.co.uk
Greggory,Bryce,gbrycek@about.me
Kristin,Kleinlerer,kkleinlererl@vk.com
Johan,Warn,jwarnm@purevolume.com
Shayne,Lacey,slaceyn@biglobe.ne.jp
Dennie,Soggee,dsoggeeo@usgs.gov
Aldric,Linner,alinnerp@cdbaby.com
Stafford,Younglove,syoungloveq@purevolume.com
Dorree,McGill,dmcgillr@bandcamp.com
Dru,Kabos,dkaboss@clickbank.net
Cherice,Amort,camortt@nytimes.com
Gwendolen,Petteford,gpettefordu@pcworld.com
Kristian,Sturgis,ksturgisv@admin.ch
Tiffanie,Skellern,tskellernw@mysql.com
Salvidor,O'Cahsedy,socahsedyx@furl.net
Ferdy,BURWIN,fburwiny@phpbb.com
Shandie,Carn,scarnz@dion.ne.jp
Stanford,Copin,scopin10@deviantart.com
Davin,Shearn,dshearn11@eventbrite.com
Roderich,Laviste,rlaviste12@aol.com
Dell,Beilby,dbeilby13@mozilla.org
Osborn,Steadman,osteadman14@over-blog.com
Wenda,Harragin,wharragin15@ning.com
Francesca,Danovich,fdanovich16@pagesperso-orange.fr
Devonna,Kirwan,dkirwan17@cdc.gov
Clare,Spoor,cspoor18@utexas.edu
Boote,Clemens,bclemens19@dell.com
Elianore,Goodred,egoodred1a@psu.edu
Merrielle,Gosselin,mgosselin1b@plala.or.jp
Wandie,Petruskevich,wpetruskevich1c@google.ca
Woody,Feifer,wfeifer1d@dailymotion.com
Jobi,Moscrop,jmoscrop1e@webnode.com
Jaime,Graham,jgraham1f@histats.com
North,Biddwell,nbiddwell1g@cnbc.com
Chrissie,Trusslove,ctrusslove1h@adobe.com
Shelley,Blanket,sblanket1i@yandex.ru
Isidro,Vacher,ivacher1j@quantcast.com
Brigid,Ambroziak,bambroziak1k@fastcompany.com
Kaycee,Blucher,kblucher1l@drupal.org
My,Wenderott,mwenderott1m@behance.net
Jade,Passler,jpassler1n@ocn.ne.jp
Daveta,Dibbs,ddibbs1o@hatena.ne.jp
Idell,Smither,ismither1p@godaddy.com
Elden,Whinney,ewhinney1q@google.com
Monro,Threlfall,mthrelfall1r@dmoz.org
Anneliese,Rabbe,arabbe1s@cmu.edu
Emmery,Struttman,estruttman1t@lycos.com
Liv,Cornhill,lcornhill1u@dot.gov
Stanislaus,Planks,splanks1v@dailymotion.com
Lorrie,Crab,lcrab1w@is.gd
Sinclare,Karlowicz,skarlowicz1x@nsw.gov.au
Beverlee,Yanov,byanov1y@google.com
Nevile,Benwell,nbenwell1z@biblegateway.com
Regan,Bulch,rbulch20@weather.com
Rea,Sketchley,rsketchley21@unesco.org
Hasty,Sanz,hsanz22@nsw.gov.au
Thorny,Darnbrook,tdarnbrook23@dyndns.org
Gustie,Strickland,gstrickland24@telegraph.co.uk
Bo,Corradengo,bcorradengo25@seattletimes.com
Susi,Awin,sawin26@addthis.com
Jeramie,Hriinchenko,jhriinchenko27@geocities.com
Axe,Cawdron,acawdron28@wufoo.com
Norah,Stronge,nstronge29@salon.com
Laverna,Donke,ldonke2a@marriott.com
Darrin,Wolland,dwolland2b@miibeian.gov.cn
Thalia,Clemett,tclemett2c@i2i.jp
Brody,Topliss,btopliss2d@imgur.com
Nanny,Jordin,njordin2e@jugem.jp
Tate,Burtonshaw,tburtonshaw2f@github.com
Joyan,Jasper,jjasper2g@discovery.com
Ashly,Petrina,apetrina2h@earthlink.net
Thor,Jirousek,tjirousek2i@tinyurl.com
Cornie,Fishbourne,cfishbourne2j@i2i.jp
Daron,Foxworthy,dfoxworthy2k@jugem.jp
Zea,Bing,zbing2l@pcworld.com
Nico,Kundert,nkundert2m@php.net
Darrin,Youde,dyoude2n@desdev.cn
Clerkclaude,Harriskine,charriskine2o@bandcamp.com
Eba,Herche,eherche2p@scribd.com
Whitby,Otto,wotto2q@cpanel.net
Merv,Dennehy,mdennehy2r@jigsy.com
Babbie,Beilby,bbeilby2s@mapquest.com
Vasily,Aronowicz,varonowicz2t@indiatimes.com
Bernete,Serfati,bserfati2u@bloglines.com
Kris,McGeown,kmcgeown2v@miitbeian.gov.cn
Janith,Langstrath,jlangstrath2w@dion.ne.jp
Clara,Beastall,cbeastall2x@abc.net.au
Cissy,Rean,crean2y@mozilla.org
Tammie,Lowrie,tlowrie2z@flickr.com
Mort,Logue,mlogue30@smh.com.au
Stanleigh,Loblie,sloblie31@amazonaws.com
Stevie,Dadge,sdadge32@geocities.com
Worden,Durnall,wdurnall33@people.com.cn
Hayes,McRinn,hmcrinn34@fda.gov
Skip,Catonnet,scatonnet35@merriam-webster.com
Sheryl,Ceney,sceney36@lulu.com
Kristoffer,Cromer,kcromer37@360.cn
Idelle,Pitkaithly,ipitkaithly38@quantcast.com
Tera,Peploe,tpeploe39@latimes.com
Gannie,Heyburn,gheyburn3a@printfriendly.com
Fulvia,Thurbon,fthurbon3b@google.ru
Cyrillus,Nusche,cnusche3c@github.io
Kassey,Durram,kdurram3d@usgs.gov
Row,Heims,rheims3e@arstechnica.com
Gene,Strowger,gstrowger3f@disqus.com
Van,O'Duane,voduane3g@unc.edu
Olly,Knott,oknott3h@harvard.edu
Zsazsa,Barritt,zbarritt3i@diigo.com
Emmalee,Huxstep,ehuxstep3j@gravatar.com
Avivah,Chaudret,achaudret3k@cmu.edu
Jeralee,Tulloch,jtulloch3l@addthis.com
Nikki,Blackesland,nblackesland3m@tmall.com
Bartlett,Roulston,broulston3n@plala.or.jp
Bette,Hedin,bhedin3o@icio.us
Romona,Howsden,rhowsden3p@craigslist.org
Bronnie,Awcoate,bawcoate3q@sohu.com
Bella,MacRierie,bmacrierie3r@abc.net.au
Munroe,Benning,mbenning3s@surveymonkey.com
Sophey,Craighill,scraighill3t@de.vu
Angie,Story,astory3u@accuweather.com
Jocelyn,Ticehurst,jticehurst3v@ustream.tv
Granny,Stares,gstares3w@storify.com
Lonny,Zupo,lzupo3x@blog.com
Sim,Delatour,sdelatour3y@va.gov
Lani,Earley,learley3z@princeton.edu
Zabrina,Hawksley,zhawksley40@phpbb.com
Foss,Pietroni,fpietroni41@ucsd.edu
Jdavie,Isacoff,jisacoff42@earthlink.net
Jilly,Lewnden,jlewnden43@army.mil
Konstantin,Bligh,kbligh44@archive.org
Linn,Angus,langus45@boston.com
Lee,Savoury,lsavoury46@europa.eu
Caesar,Lighton,clighton47@behance.net
Ced,Pull,cpull48@hubpages.com
Madge,Longley,mlongley49@princeton.edu
Chelsae,McShirie,cmcshirie4a@salon.com
Vikky,Rilings,vrilings4b@elegantthemes.com
Feliks,Vern,fvern4c@yolasite.com
Crista,Twizell,ctwizell4d@facebook.com
Mariel,Pimlett,mpimlett4e@amazonaws.com
Hanson,Carpenter,hcarpenter4f@last.fm
Gradey,Hammerman,ghammerman4g@sphinn.com
Brigg,Soot,bsoot4h@mediafire.com
Hermon,Waddilow,hwaddilow4i@blog.com
Mel,Fenck,mfenck4j@usnews.com
Marti,Conew,mconew4k@harvard.edu
Herculie,Isard,hisard4l@studiopress.com
Darcy,Wotherspoon,dwotherspoon4m@mapquest.com
Kippy,McShee,kmcshee4n@blinklist.com
Rebecka,Hullett,rhullett4o@bloomberg.com
Gayelord,Franken,gfranken4p@wordpress.org
Ludovico,Tilio,ltilio4q@mlb.com
Ernestine,McQuilty,emcquilty4r@mlb.com
Rodolfo,Curedale,rcuredale4s@sogou.com
Cristabel,Wildor,cwildor4t@mashable.com
Aldrich,Craggs,acraggs4u@dion.ne.jp
Windham,Hassard,whassard4v@foxnews.com
Devon,Danielovitch,ddanielovitch4w@ebay.co.uk
Lacee,Dunton,ldunton4x@howstuffworks.com
Laurie,McKleod,lmckleod4y@cyberchimps.com
Granny,Martinolli,gmartinolli4z@163.com
Carlita,Vanyashkin,cvanyashkin50@jalbum.net
Irwin,Lehrian,ilehrian51@uiuc.edu
Jay,Fouch,jfouch52@uol.com.br
Gilbertine,Bowser,gbowser53@freewebs.com
Thomasin,Boulstridge,tboulstridge54@shinystat.com
Shayne,Sallings,ssallings55@nature.com
Magdalena,Kenworthy,mkenworthy56@google.ca
Jo-ann,Greve,jgreve57@cdc.gov
Zita,Tittershill,ztittershill58@netlog.com
Ginnifer,Nevet,gnevet59@freewebs.com
Charlot,Franke,cfranke5a@ebay.com
Wini,Lockyer,wlockyer5b@berkeley.edu
Johna,Dopson,jdopson5c@ox.ac.uk
Devon,Campione,dcampione5d@google.co.jp
Packston,Rasper,prasper5e@paginegialle.it
Binny,Kubik,bkubik5f@ning.com
Beltran,Robjents,brobjents5g@deviantart.com
Marylynne,Scandroot,mscandroot5h@tripod.com
Lefty,Thow,lthow5i@drupal.org
Arron,Crevy,acrevy5j@huffingtonpost.com
Corty,Ticic,cticic5k@cpanel.net
Jacquelynn,Larchier,jlarchier5l@indiatimes.com
Suki,Osgar,sosgar5m@yahoo.com
Luciano,Jahnisch,ljahnisch5n@trellian.com
Eustace,Sangwin,esangwin5o@discuz.net
Rock,Treker,rtreker5p@indiegogo.com
Miles,Kilgour,mkilgour5q@archive.org
Jacquelynn,Noble,jnoble5r@clickbank.net
Cam,Perrott,cperrott5s@merriam-webster.com
Cesaro,Nickolls,cnickolls5t@myspace.com
Louis,Filippone,lfilippone5u@fema.gov
Marsiella,Sandle,msandle5v@kickstarter.com
Madlen,Kay,mkay5w@diigo.com
Clark,Lowthorpe,clowthorpe5x@sphinn.com
Paula,Runsey,prunsey5y@ebay.com
Jewel,Tocher,jtocher5z@netscape.com
Maurise,Tinton,mtinton60@psu.edu
Tom,Iashvili,tiashvili61@theatlantic.com
Jourdan,Astin,jastin62@theglobeandmail.com
Perren,End,pend63@loc.gov
Noby,Moline,nmoline64@usda.gov
Dulci,Yakebovitch,dyakebovitch65@prnewswire.com
Serene,Ghelarducci,sghelarducci66@google.ca
Andrew,Vibert,avibert67@wiley.com
Cheston,Kording,ckording68@nytimes.com
Rena,Leroux,rleroux69@howstuffworks.com
Dulsea,Bottrill,dbottrill6a@amazon.com
Gracie,Obell,gobell6b@fastcompany.com
Nikolaus,Emlen,nemlen6c@dyndns.org
Natale,Tender,ntender6d@xinhuanet.com
Leonardo,Jado,ljado6e@state.tx.us
Justen,Adamowitz,jadamowitz6f@php.net
Faith,Folds,ffolds6g@admin.ch
Donetta,Bart,dbart6h@economist.com
Rosette,Penning,rpenning6i@themeforest.net
Del,Ritchings,dritchings6j@blog.com
Virgina,Camm,vcamm6k@seattletimes.com
Dion,Maciunas,dmaciunas6l@free.fr
Ranice,Bartosek,rbartosek6m@ebay.co.uk
Raddy,Fewkes,rfewkes6n@storify.com
Ambur,Thome,athome6o@flavors.me
Tristan,Favell,tfavell6p@spiegel.de
Alejandrina,Dulany,adulany6q@google.co.uk
Osborn,Trouel,otrouel6r@psu.edu
Ashla,McMychem,amcmychem6s@mit.edu
Arley,Pottage,apottage6t@bizjournals.com
Eden,Janeway,ejaneway6u@photobucket.com
Wandie,Stivens,wstivens6v@slideshare.net
Lebbie,Hayne,lhayne6w@friendfeed.com
Florella,McAvey,fmcavey6x@amazon.de
Freddi,Dysert,fdysertdw@cafepress.com
Saba,Androlli,sandrollidx@posterous.com
Trudy,Ruller,trullerdy@samsung.com
Trey,Budgen,tbudgendz@patch.com
Winnie,Mickan,wmickane0@berkeley.edu
Leslie,Lissimore,llissimoree1@odnoklassniki.ru
Barbra,Dandie,bdandiee2@psu.edu
Padraig,Blackmore,pblackmoree3@europa.eu
Morty,Ramas,mramase4@dedecms.com
Ingeborg,Trudgion,itrudgione5@reuters.com
Michaelina,Peddowe,mpeddowee6@parallels.com
Stacy,Greir,sgreire7@acquirethisname.com
Lucky,Vatini,lvatinie8@google.com
Kitti,Karpenko,kkarpenkoe9@is.gd
Keeley,Deverale,kdeveraleea@yellowbook.com
Loraine,Duligall,lduligalleb@dagondesign.com
Nicky,Vise,nviseec@free.fr
Lars,Shyram,lshyramed@nyu.edu
Kari,O'Brollachain,kobrollachainee@sciencedaily.com
Carlyn,Ivanishin,civanishinef@netvibes.com
Corbet,Jaycocks,cjaycockseg@hud.gov
Gustavo,Lowis,glowiseh@tmall.com
Anett,Sayton,asaytonei@cbsnews.com
Ruthie,Mougenel,rmougenelej@about.com
Theodosia,Gowdy,tgowdyek@sphinn.com
Tomkin,Hallows,thallowsel@usa.gov
Danna,Boord,dboordem@joomla.org
Cristen,Bruckental,cbruckentalen@domainmarket.com
Vinnie,Clericoates,vclericoateseo@etsy.com
Rafaelita,Stanyforth,rstanyforthep@imgur.com
Mohandis,Wethey,mwetheyeq@usa.gov
Inglis,Peyto,ipeytoer@i2i.jp
Prent,Latus,platuses@uol.com.br
Drucill,Tyhurst,dtyhurstet@spotify.com
Myrwyn,Bastin,mbastineu@sina.com.cn
Joellen,Juszczak,jjuszczakev@youku.com
Norry,Luttgert,nluttgertew@bbb.org
Amie,Luchelli,aluchelliex@wikimedia.org
Brittaney,Hardaker,bhardakerey@hatena.ne.jp
Frederigo,Camous,fcamousez@telegraph.co.uk
Essy,Urey,eureyf0@dailymotion.com
Randi,Dockrey,rdockreyf1@so-net.ne.jp
Redford,Hesse,rhessef2@google.ru
Farica,Leckey,fleckeyf3@eventbrite.com
Korry,Gravie,kgravief4@ycombinator.com
Carma,Woloschin,cwoloschinf5@networkadvertising.org
Griswold,Goulstone,ggoulstonef6@slate.com
Margery,Yerby,myerbyf7@list-manage.com
Ania,MacLure,amacluref8@acquirethisname.com
Reynard,Ivoshin,rivoshinf9@accuweather.com
Maryjo,Perfili,mperfilifa@nbcnews.com
Lyndel,Moreby,lmorebyfb@archive.org
Alikee,Cossons,acossonsfc@tripod.com
Oriana,Powis,opowisfd@chronoengine.com
Marlowe,Cassimer,mcassimerfe@ca.gov
Sergei,De Hailes,sdehailesff@printfriendly.com
Loralee,Ralton,lraltonfg@usa.gov
Mychal,Diggles,mdigglesfh@yolasite.com
Cornelle,Biasioni,cbiasionifi@webs.com
Federica,Just,fjustfj@youku.com
Alwin,Neilus,aneilusfk@twitter.com
Ethan,Skacel,eskacelfl@google.ru
Dyan,Zorzenoni,dzorzenonifm@dot.gov
Artemas,Hardi,ahardifn@squidoo.com
Rodge,Beteriss,rbeterissfo@goo.gl
Elnar,Lennard,elennardfp@springer.com
Debra,Rothwell,drothwellfq@typepad.com
Yule,Gossage,ygossagefr@e-recht24.de
Fawn,Blackmoor,fblackmoorfs@joomla.org
Leonanie,Tewkesbury.,ltewkesburyft@ihg.com
Jacynth,Hamshaw,jhamshawfu@yellowbook.com
Oralia,Jollie,ojolliefv@geocities.jp
Ernest,Simpson,esimpsonfw@bing.com
Patrice,Bickmore,pbickmorefx@alexa.com
Zacharie,Folca,zfolcafy@edublogs.org
Dael,Weatherup,dweatherupfz@domainmarket.com
Ax,Goozee,agoozeeg0@washington.edu
Myrle,Gorst,mgorstg1@aboutads.info
Sabrina,Galsworthy,sgalsworthyg2@usgs.gov
Keith,Baterip,kbateripg3@friendfeed.com
Meade,Spurdle,mspurdleg4@netvibes.com
Kermie,Keedwell,kkeedwellg5@printfriendly.com
Cornall,Pilbury,cpilburyg6@loc.gov
Tab,Farndale,tfarndaleg7@eventbrite.com
Tomi,Jacson,tjacsong8@mozilla.com
Brewer,Fardy,bfardyg9@shop-pro.jp
Brant,Lennarde,blennardega@ameblo.jp
Irwinn,Attwool,iattwoolgb@slashdot.org
Sayres,Vassano,svassanogc@cnbc.com
Myrtle,Gallant,mgallantgd@springer.com
Fannie,Voller,fvollerge@artisteer.com
Falito,Rummings,frummingsgf@bizjournals.com
Sherman,Cornil,scornilgg@scribd.com
Tabatha,Bilson,tbilsongh@usgs.gov
Marwin,Marston,mmarstongi@bluehost.com
Ursula,Southerns,usouthernsgj@rambler.ru
Shirline,Rozycki,srozyckigk@nydailynews.com
Stephenie,Arrowsmith,sarrowsmithgl@dailymotion.com
Benedikt,Habbin,bhabbingm@photobucket.com
Franzen,Benford,fbenfordgn@over-blog.com
Norine,Spawforth,nspawforthgo@imdb.com
Kelsy,Ruselin,kruselingp@msn.com
Kinny,Rasp,kraspgq@barnesandnoble.com
Kellby,Pollastro,kpollastrogr@sakura.ne.jp
Lanae,Fisher,lfishergs@miibeian.gov.cn
Josephina,Weinberg,jweinberggt@oaic.gov.au
Balduin,McGiff,bmcgiffgu@wikipedia.org
Hildagarde,Merrgen,hmerrgengv@google.nl
Ilse,Cadden,icaddengw@sina.com.cn
Roch,Levermore,rlevermoregx@seesaa.net
Rowland,Kempton,rkemptongy@tiny.cc
Sandro,Cole,scolegz@ebay.com
Franky,Salt,fsalth0@mail.ru
Derron,Vondrach,dvondrachh1@netlog.com
Leroi,Sumnall,lsumnallh2@aboutads.info
Alistair,Mustoo,amustooh3@prnewswire.com
Freeland,Grain,fgrainh4@jimdo.com
Boniface,Clewlowe,bclewloweh5@jugem.jp
Pace,Swinerd,pswinerdh6@cyberchimps.com
Zed,Killick,zkillickh7@amazon.com
Layney,Lethem,llethemh8@google.fr
Weber,Prose,wproseh9@bandcamp.com
Amber,Derisley,aderisleyha@upenn.edu
Gardiner,Hounsom,ghounsomhb@columbia.edu
Finley,Warrick,fwarrickhc@time.com
Gillan,Pelzer,gpelzerhd@unicef.org
Shandra,Deeny,sdeenyhe@slideshare.net
Adrianne,Wagg,awagghf@java.com
Arlina,Coare,acoarehg@tiny.cc
Sidonnie,Dines,sdineshh@marketwatch.com
Kassey,Salazar,ksalazarhi@ameblo.jp
Jacklyn,Chopping,jchoppinghj@com.com
Sherill,Heaford,sheafordhk@joomla.org
Karl,Gisborne,kgisbornehl@toplist.cz
Nolan,Coop,ncoophm@elegantthemes.com
Kimberley,Forrestor,kforrestorhn@canalblog.com
Armando,Mc Andrew,amcandrewho@chicagotribune.com
Becka,Mulhall,bmulhallhp@artisteer.com
Katinka,Archbold,karchboldhq@vkontakte.ru
Ernestus,Kenrick,ekenrickhr@google.ca
Parker,Stearn,pstearnhs@desdev.cn
Richmond,Rendall,rrendallht@umn.edu
Marigold,Prestwich,mprestwichhu@live.com
Clarey,Pessel,cpesselhv@quantcast.com
Rupert,Costigan,rcostiganhw@bloglines.com
Iolande,Steenson,isteensonhx@netscape.com
Dasie,Swarbrick,dswarbrickhy@ustream.tv
Lorine,Mushet,lmushethz@dell.com
Florina,Ilson,filsoni0@twitpic.com
Sibylle,Yakebovich,syakebovichi1@economist.com
Shelton,McKirdy,smckirdyi2@dropbox.com
Adan,Yaldren,ayaldreni3@posterous.com
Webb,Ranahan,wranahani4@bbc.co.uk
Chip,Corain,ccoraini5@loc.gov
Bernice,Ebden,bebdeni6@desdev.cn
Nadeen,Kilsby,nkilsbyi7@senate.gov
Christoforo,Gier,cgieri8@fotki.com
Octavia,Doerrling,odoerrlingi9@hc360.com
Elmo,Ubsdell,eubsdellia@forbes.com
Angelia,Pattullo,apattulloib@dell.com
Mickie,Ley,mleyic@t-online.de
Tandi,Common,tcommonid@chron.com
Lorettalorna,Bennough,lbennoughie@last.fm
Annalee,Rawne,arawneif@marriott.com
Ciel,Beange,cbeangeig@reuters.com
Brittni,Annell,bannellih@paypal.com
Rahel,Dugue,rdugueii@spiegel.de
Libbey,Meddick,lmeddickij@biglobe.ne.jp
Carissa,Berthomier,cberthomierik@storify.com
Patrica,Dyzart,pdyzartil@spotify.com
Jim,Petofi,jpetofiim@over-blog.com
Feliza,Colliar,fcolliarin@nba.com
Ardeen,Ashburner,aashburnerio@newsvine.com
Koral,Hughill,khughillip@washingtonpost.com
Nikolas,Martynov,nmartynoviq@about.me
Vicky,Forsey,vforseyir@noaa.gov
Norman,Sans,nsansis@lycos.com
Delmor,Pearsall,dpearsallit@multiply.com
Milka,Cokely,mcokelyiu@ezinearticles.com
Jillana,Struttman,jstruttmaniv@squarespace.com
Judie,Reeman,jreemaniw@godaddy.com
Jobye,Arnau,jarnauix@comcast.net
Lulu,Morillas,lmorillasiy@latimes.com
Payton,Coast,pcoastiz@yahoo.com
Pierre,Stoaks,pstoaksj0@fotki.com
Chariot,MacSporran,cmacsporranj1@soup.io
Rancell,Cana,rcanaj2@mapy.cz
Dominique,Tumilson,dtumilsonj3@chicagotribune.com
Eli,Stilldale,estilldalej4@sitemeter.com
Benedick,Jarman,bjarmanj5@blogger.com
Dorri,Clousley,dclousleyj6@4shared.com
Tiffy,Simondson,tsimondsonj7@cloudflare.com
Denys,Farnish,dfarnishj8@hostgator.com
Crissy,Lovering,cloveringj9@sohu.com
Saba,Venney,svenneyja@alexa.com
Hillier,Tudhope,htudhopejb@dailymail.co.uk
Syman,Danford,sdanfordjc@livejournal.com
Wendy,Seabon,wseabonjd@indiatimes.com
Luther,Colegrove,lcolegroveje@mapy.cz
Alejandro,Snugg,asnuggjf@wufoo.com
Cari,Eastby,ceastbyjg@wordpress.org
Brigitta,Tawse,btawsejh@baidu.com
Nata,Edmed,nedmedji@wufoo.com
Nichole,Barclay,nbarclayjj@instagram.com
Clair,Ellerman,cellermanjk@canalblog.com
Caprice,Howen,chowenjl@usa.gov
Reginauld,Yorath,ryorathjm@feedburner.com
Noe,Forten,nfortenjn@moonfruit.com
Kennett,Murby,kmurbyjo@soundcloud.com
Munmro,Joint,mjointjp@ning.com
Carr,McClymond,cmcclymondjq@booking.com
Davon,Rivalant,drivalantjr@ted.com
Olga,Crosseland,ocrosselandjs@sogou.com
Ansley,Passmore,apassmorejt@netscape.com
Torry,Townson,ttownsonju@cnn.com
Marja,Vales,mvalesjv@who.int
Galvin,Thornebarrow,gthornebarrowjw@g.co
Tandie,Van der Baaren,tvanderbaarenjx@berkeley.edu
Viole,Aupol,vaupoljy@dedecms.com
Harlie,Scothern,hscothernjz@wikipedia.org
Benn,Ilyin,bilyink0@goo.gl
Byrann,Wiseman,bwisemank1@studiopress.com
Correy,Humbee,chumbeek2@nih.gov
Kip,Aslen,kaslenk3@plala.or.jp
Golda,Lawson,glawsonk4@dion.ne.jp
Beryl,Divill,bdivillk5@livejournal.com
Shalom,Capeling,scapelingk6@engadget.com
Lizette,Stickel,lstickelk7@bluehost.com
Franklin,Chapellow,fchapellowk8@elegantthemes.com
Lynelle,Diche,ldichek9@fc2.com
Matilda,Praundlin,mpraundlinka@purevolume.com
Wheeler,Rapps,wrappskb@admin.ch
Abbie,Moth,amothkc@msn.com
Coop,Palmby,cpalmbykd@deviantart.com
Yoko,McKeever,ymckeeverke@springer.com
Sheridan,Baigent,sbaigentkf@cdc.gov
Brigit,Potten,bpottenkg@t.co
Corabel,Poluzzi,cpoluzzikh@godaddy.com
Allen,Welband,awelbandki@soup.io
Frants,Pietruszka,fpietruszkakj@shinystat.com
Zacharie,Vonasek,zvonasekkk@wp.com
Katharine,Tallant,ktallantkl@si.edu
Darlene,Dalliston,ddallistonkm@mail.ru
Jobi,Bromet,jbrometkn@gnu.org
Margalit,Ferro,mferroko@hhs.gov
Jaye,McCrory,jmccrorykp@amazonaws.com
Oralle,Davidoff,odavidoffkq@sourceforge.net
Elora,Blenkin,eblenkinkr@google.co.jp
Candide,Gomme,cgommeks@barnesandnoble.com
Chilton,Cicero,ccicerokt@eventbrite.com
